,course_id,1. avg_score,2. video_habit,3. challenge_index,4. sentiment_index
0,C_936971,3,1.0,2,3.0
1,C_696994,3,0.0,2,4.0
2,C_676932,3,0.0,2,3.0
3,C_697791,3,3.0,2,3.0
4,C_883345,3,2.0,2,3.0
5,C_677049,3,0.0,4,4.0
6,C_629559,3,0.0,2,3.0
7,C_2019328,2,0.0,2,3.0
8,C_696911,3,0.0,2,3.0
9,C_696700,3,0.0,2,3.0
10,C_801420,3,3.0,2,3.0
11,C_674903,3,0.0,2,4.0
12,C_696942,3,5.0,2,3.0
13,C_866756,3,0.0,2,3.0
14,C_735351,3,0.0,2,3.0
15,C_697821,3,4.0,2,3.0
16,C_697034,3,0.0,2,4.0
17,C_677010,3,0.0,2,3.0
18,C_696679,3,0.0,2,3.0
19,C_696968,3,0.0,2,4.0
20,C_676683,3,5.0,2,3.0
21,C_679390,3,0.0,4,3.0
22,C_674920,3,4.0,2,3.0
23,C_707081,3,0.0,2,3.0
24,C_916828,3,0.0,2,3.0
25,C_697130,3,0.0,2,4.0
26,C_696597,3,0.0,2,3.0
27,C_840084,3,0.0,2,3.0
28,C_694136,3,0.0,2,3.0
29,C_697188,3,2.0,2,3.0
30,C_696724,3,4.0,2,4.0
31,C_676676,3,5.0,2,3.0
32,C_770738,2,0.0,2,3.0
33,C_707031,3,0.0,2,4.0
34,C_707373,3,0.0,2,3.0
35,C_862969,3,0.0,2,3.0
36,C_735054,3,0.0,4,3.0
37,C_948410,3,0.0,2,3.0
38,C_947252,3,4.0,2,3.0
39,C_749807,2,3.0,2,4.0
40,C_948421,3,4.0,2,3.0
41,C_696826,3,0.0,2,3.0
42,C_746997,2,4.0,4,3.0
43,C_873864,3,0.0,2,3.0
44,C_707038,3,0.0,2,3.0
45,C_697405,3,0.0,2,3.0
46,C_697091,3,0.0,4,3.0
47,C_696908,3,0.0,2,3.0
48,C_697026,3,0.0,2,3.0
49,C_799796,2,0.0,2,3.0
50,C_685689,4,0.0,5,3.0
51,C_845950,3,4.0,2,4.0
52,C_879040,3,0.0,2,3.0
53,C_770784,3,0.0,2,3.0
54,C_735342,3,4.0,2,3.0
55,C_890220,4,0.0,2,4.0
56,C_735214,3,3.0,4,3.0
57,C_943267,3,1.0,2,4.0
58,C_735157,3,0.0,2,3.0
59,C_697374,3,0.0,2,3.0
60,C_1428968,3,3.0,2,3.0
61,C_677243,5,0.0,2,3.0
62,C_854839,3,0.0,4,4.0
63,C_696740,3,5.0,2,3.0
64,C_681678,3,0.0,2,3.0
65,C_1822804,5,4.0,2,4.0
66,C_696946,3,5.0,2,3.0
67,C_696800,3,0.0,4,3.0
68,C_799931,3,0.0,4,3.0
69,C_682458,3,0.0,4,3.0
70,C_947240,3,4.0,4,4.0
71,C_735405,3,0.0,4,3.0
72,C_707456,2,4.0,2,3.0
73,C_696586,3,1.0,2,3.0
74,C_697018,3,0.0,2,3.0
75,C_681655,3,0.0,4,3.0
76,C_681754,3,0.0,5,3.0
77,C_931245,3,4.0,2,3.0
78,C_676937,2,4.0,2,3.0
79,C_682515,3,0.0,2,3.0
80,C_696614,3,0.0,2,3.0
81,C_676656,3,4.0,2,3.0
82,C_696928,3,0.0,2,4.0
83,C_707119,3,0.0,2,3.0
84,C_854866,3,0.0,2,3.0
85,C_696927,5,0.0,2,3.0
86,C_948427,3,0.0,4,3.0
87,C_696922,3,0.0,4,3.0
88,C_681005,2,0.0,2,3.0
89,C_808528,3,4.0,2,3.0
90,C_677218,3,4.0,2,3.0
91,C_879054,3,0.0,2,3.0
92,C_1903985,3,4.0,2,3.0
93,C_773985,2,4.0,2,3.0
94,C_697149,3,0.0,2,4.0
95,C_694168,5,0.0,2,3.0
96,C_936990,3,3.0,2,3.0
97,C_696729,2,1.0,4,3.0
98,C_948136,3,4.0,2,3.0
99,C_682210,3,0.0,2,3.0
100,C_697423,3,0.0,2,3.0
101,C_948078,3,4.0,2,3.0
102,C_680823,3,0.0,2,3.0
103,C_697729,3,3.0,2,3.0
104,C_948431,3,4.0,2,3.0
105,C_948409,3,0.0,4,3.0
106,C_680933,3,0.0,2,3.0
107,C_817691,4,0.0,2,4.0
108,C_681636,2,0.0,4,3.0
109,C_682335,3,0.0,2,3.0
110,C_788575,3,0.0,4,3.0
111,C_1906706,2,0.0,2,3.0
112,C_808526,4,0.0,2,3.0
113,C_697025,4,4.0,2,4.0
114,C_680998,3,0.0,2,3.0
115,C_760442,3,5.0,2,3.0
116,C_682586,3,0.0,2,3.0
117,C_676651,3,3.0,2,4.0
118,C_948428,3,0.0,2,3.0
119,C_955163,3,0.0,2,3.0
120,C_735031,3,0.0,2,3.0
121,C_682195,3,0.0,4,3.0
122,C_680761,3,0.0,2,3.0
123,C_735244,2,0.0,2,3.0
124,C_845674,3,0.0,2,3.0
125,C_696746,3,0.0,2,3.0
126,C_782490,3,0.0,2,3.0
127,C_696954,3,0.0,2,4.0
128,C_781445,3,3.0,2,3.0
129,C_893812,3,0.0,4,3.0
130,C_676635,3,4.0,2,3.0
131,C_697284,3,0.0,2,3.0
132,C_948417,2,0.0,2,3.0
133,C_677236,3,0.0,2,3.0
134,C_681255,3,4.0,2,4.0
135,C_948208,3,4.0,2,3.0
136,C_682469,3,0.0,2,3.0
137,C_754135,3,4.0,2,3.0
138,C_707093,3,0.0,4,3.0
139,C_677146,3,0.0,4,3.0
140,C_819285,3,0.0,2,3.0
141,C_697381,3,0.0,4,3.0
142,C_866164,3,0.0,4,3.0
143,C_677019,3,0.0,2,4.0
144,C_697068,3,0.0,4,3.0
145,C_922850,3,0.0,2,3.0
146,C_881485,3,0.0,2,3.0
147,C_948419,3,1.0,4,3.0
148,C_697797,3,0.0,2,3.0
149,C_879045,3,0.0,2,3.0
150,C_907961,3,0.0,2,3.0
151,C_680987,2,0.0,2,4.0
152,C_947257,3,0.0,2,3.0
153,C_680745,3,0.0,4,3.0
154,C_696899,3,0.0,4,4.0
155,C_677047,3,0.0,4,3.0
156,C_948153,2,4.0,4,3.0
157,C_948408,3,0.0,2,3.0
158,C_697415,3,0.0,2,3.0
159,C_696980,3,0.0,2,3.0
160,C_948414,3,0.0,2,3.0
161,C_947262,2,0.0,2,3.0
162,C_676673,3,0.0,2,3.0
163,C_697075,3,0.0,2,3.0
164,C_948411,3,0.0,2,3.0
165,C_697032,3,0.0,2,4.0
166,C_781494,3,0.0,2,3.0
167,C_682473,2,0.0,5,3.0
168,C_697265,3,0.0,2,3.0
169,C_735143,3,0.0,2,3.0
170,C_948137,3,5.0,2,3.0
171,C_851362,3,0.0,2,4.0
172,C_697236,3,0.0,2,3.0
173,C_947241,3,0.0,2,3.0
174,C_922867,2,0.0,2,3.0
175,C_948412,3,0.0,4,3.0
176,C_697748,2,3.0,2,3.0
177,C_696855,3,0.0,2,3.0
178,C_697019,3,0.0,2,4.0
179,C_680777,3,0.0,2,4.0
180,C_948415,3,0.0,2,3.0
181,C_947149,2,3.0,2,3.0
182,C_865842,3,0.0,2,3.0
183,C_696841,3,0.0,2,3.0
184,C_936973,3,4.0,2,3.0
185,C_697176,3,0.0,2,3.0
186,C_682466,3,0.0,2,3.0
187,C_735046,3,0.0,4,3.0
188,C_948423,3,0.0,2,3.0
189,C_680958,3,0.0,4,3.0
190,C_756665,3,3.0,2,4.0
191,C_898310,3,0.0,2,3.0
192,C_682147,3,0.0,2,4.0
193,C_735123,3,0.0,2,3.0
194,C_756642,3,4.0,2,4.0
195,C_677159,3,0.0,2,3.0
196,C_696835,3,0.0,2,3.0
197,C_707127,2,0.0,2,3.0
198,C_943250,3,0.0,2,3.0
199,C_682546,3,2.0,2,3.0
200,C_707032,3,0.0,2,3.0
201,C_949540,3,5.0,2,3.0
202,C_934528,3,0.0,2,3.0
203,C_934510,3,0.0,2,4.0
204,C_697007,5,0.0,2,4.0
205,C_862963,3,0.0,2,3.0
206,C_680979,3,4.0,4,3.0
207,C_682240,3,0.0,2,3.0
208,C_680740,3,0.0,2,3.0
209,C_676915,3,0.0,2,3.0
210,C_697289,3,0.0,2,3.0
211,C_936913,5,5.0,2,4.0
212,C_814402,3,0.0,4,3.0
213,C_697556,3,0.0,2,4.0
214,C_735269,4,4.0,2,3.0
215,C_676898,3,0.0,4,3.0
216,C_784172,2,0.0,4,3.0
217,C_746983,3,2.0,2,3.0
218,C_879093,3,0.0,2,3.0
219,C_680762,3,0.0,2,3.0
220,C_943228,2,0.0,2,4.0
221,C_948099,4,4.0,4,3.0
222,C_676913,3,0.0,2,3.0
223,C_948269,3,4.0,2,3.0
224,C_681711,3,0.0,2,3.0
225,C_681088,3,0.0,2,3.0
226,C_682759,3,0.0,4,3.0
227,C_735239,3,4.0,2,3.0
228,C_948092,2,0.0,4,3.0
229,C_677093,3,0.0,4,3.0
230,C_707037,3,0.0,2,3.0
231,C_680970,3,0.0,2,3.0
232,C_854843,3,4.0,2,3.0
233,C_756747,4,0.0,4,3.0
234,C_948435,3,3.0,2,3.0
235,C_911165,3,0.0,2,3.0
236,C_674953,4,0.0,2,3.0
237,C_789278,3,0.0,2,3.0
238,C_948129,3,1.0,2,3.0
239,C_676662,3,0.0,2,4.0
240,C_1906555,2,3.0,4,3.0
241,C_1527465,3,3.0,2,4.0
242,C_681730,3,0.0,2,3.0
243,C_696972,2,0.0,4,4.0
244,C_697293,3,0.0,2,4.0
245,C_680732,3,5.0,2,3.0
246,C_682193,3,0.0,4,3.0
247,C_697288,3,0.0,2,3.0
248,C_697117,3,0.0,4,3.0
249,C_697024,2,0.0,2,3.0
250,C_758208,5,0.0,2,4.0
251,C_680784,3,0.0,2,3.0
252,C_682239,3,0.0,2,3.0
253,C_677020,3,0.0,2,3.0
254,C_676664,3,4.0,2,3.0
255,C_735259,2,3.0,2,3.0
256,C_1776316,3,4.0,4,3.0
257,C_934526,3,0.0,2,3.0
258,C_948103,3,4.0,2,4.0
259,C_943271,3,0.0,2,3.0
260,C_682702,3,0.0,2,3.0
261,C_907949,3,0.0,2,3.0
262,C_1011639,3,0.0,2,3.0
263,C_857823,2,0.0,2,3.0
264,C_707025,3,0.0,2,3.0
265,C_682308,2,0.0,2,3.0
266,C_735175,3,3.0,2,3.0
267,C_735155,3,0.0,4,3.0
268,C_1741554,2,0.0,2,4.0
269,C_676969,3,0.0,2,3.0
270,C_697299,3,0.0,2,3.0
271,C_697096,3,4.0,2,4.0
272,C_934535,3,0.0,2,3.0
273,C_676996,3,0.0,2,4.0
274,C_696554,3,0.0,2,3.0
275,C_948289,3,0.0,2,3.0
276,C_694163,3,0.0,2,3.0
277,C_707035,3,4.0,4,3.0
278,C_948235,3,0.0,2,3.0
279,C_948214,2,0.0,4,4.0
280,C_947244,3,3.0,2,3.0
281,C_758190,3,4.0,2,4.0
282,C_862967,3,0.0,4,3.0
283,C_931252,3,0.0,2,3.0
284,C_696875,3,0.0,2,3.0
285,C_680961,3,0.0,4,3.0
286,C_793017,3,0.0,2,3.0
287,C_947165,3,4.0,5,3.0
288,C_758221,3,0.0,2,3.0
289,C_916826,3,0.0,2,3.0
290,C_697828,3,3.0,2,3.0
291,C_696689,3,0.0,4,3.0
292,C_682442,3,5.0,2,4.0
293,C_1797904,4,4.0,2,3.0
294,C_682624,4,0.0,2,3.0
295,C_696976,3,0.0,2,3.0
296,C_782555,2,3.0,2,3.0
297,C_898349,2,0.0,2,3.0
298,C_947250,2,4.0,2,3.0
299,C_817148,3,0.0,2,4.0
300,C_1429002,3,2.0,2,3.0
301,C_682222,3,0.0,4,3.0
302,C_948424,3,4.0,2,3.0
303,C_682360,2,5.0,2,4.0
304,C_756646,3,4.0,2,4.0
305,C_680808,3,0.0,2,4.0
306,C_676661,3,0.0,2,3.0
307,C_948468,3,4.0,2,3.0
308,C_734037,3,0.0,2,3.0
309,C_697360,3,5.0,2,3.0
310,C_697076,3,3.0,2,3.0
311,C_682277,3,0.0,2,3.0
312,C_697020,3,0.0,2,3.0
313,C_879111,3,0.0,2,3.0
314,C_696998,3,4.0,2,3.0
315,C_800360,2,0.0,2,3.0
316,C_1738818,3,4.0,5,3.0
317,C_685664,3,0.0,2,3.0
318,C_758183,2,0.0,2,3.0
319,C_680993,3,0.0,2,3.0
320,C_866182,3,4.0,2,4.0
321,C_735210,2,2.0,2,3.0
322,C_674910,3,0.0,2,4.0
323,C_696863,3,0.0,2,3.0
324,C_1738959,3,4.0,2,3.0
325,C_808654,2,0.0,4,3.0
326,C_682523,3,0.0,2,3.0
327,C_735385,2,4.0,2,3.0
328,C_947229,2,0.0,4,3.0
329,C_799783,5,3.0,2,3.0
330,C_1811739,3,4.0,4,4.0
331,C_680779,3,0.0,2,3.0
332,C_680771,3,0.0,2,3.0
333,C_927968,2,0.0,2,3.0
334,C_881478,3,3.0,2,3.0
335,C_1767316,3,3.0,2,4.0
336,C_936954,2,0.0,2,3.0
337,C_707360,4,0.0,4,4.0
338,C_948114,2,3.0,2,3.0
339,C_1903980,3,3.0,2,4.0
340,C_934517,2,0.0,2,3.0
341,C_680937,3,0.0,2,3.0
342,C_823302,3,0.0,2,3.0
343,C_811503,3,0.0,2,3.0
344,C_707384,4,0.0,2,3.0
345,C_680722,3,0.0,2,3.0
346,C_882596,3,0.0,2,3.0
347,C_1824928,3,4.0,2,4.0
348,C_1017355,3,0.0,2,4.0
349,C_948413,3,0.0,2,3.0
350,C_674971,3,4.0,2,4.0
351,C_697072,3,0.0,2,3.0
352,C_697069,3,0.0,4,3.0
353,C_682636,3,0.0,2,3.0
354,C_735164,3,2.0,2,4.0
355,C_948101,3,3.0,2,3.0
356,C_697165,3,5.0,2,3.0
357,C_1732839,3,3.0,2,3.0
358,C_866764,3,0.0,2,3.0
359,C_948265,5,1.0,2,4.0
360,C_747273,3,0.0,2,5.0
361,C_948076,3,1.0,4,3.0
362,C_810349,3,0.0,2,3.0
363,C_936943,3,5.0,2,4.0
364,C_948113,3,4.0,2,3.0
365,C_676658,3,0.0,4,3.0
366,C_697307,3,0.0,2,3.0
367,C_797404,3,4.0,2,3.0
368,C_927972,2,0.0,5,4.0
369,C_737592,3,0.0,2,3.0
370,C_697427,2,0.0,2,3.0
371,C_682157,3,5.0,4,4.0
372,C_696955,3,0.0,2,3.0
373,C_680980,4,0.0,2,4.0
374,C_948141,3,3.0,2,3.0
375,C_680759,2,0.0,2,3.0
376,C_936945,3,0.0,2,3.0
377,C_1903983,3,3.0,2,3.0
378,C_947158,3,3.0,2,3.0
379,C_694149,3,0.0,2,3.0
380,C_682489,5,0.0,2,3.0
381,C_917311,3,0.0,2,4.0
382,C_677095,3,5.0,2,3.0
383,C_769301,5,0.0,2,3.0
384,C_799800,2,4.0,2,3.0
385,C_697087,2,0.0,2,3.0
386,C_676649,3,5.0,4,3.0
387,C_676820,2,0.0,2,4.0
388,C_677028,3,0.0,2,3.0
389,C_680752,3,0.0,2,3.0
390,C_696939,5,0.0,2,4.0
391,C_677031,3,0.0,2,3.0
392,C_696659,5,0.0,2,3.0
393,C_676697,3,0.0,2,3.0
394,C_948486,3,4.0,2,3.0
395,C_1776283,4,0.0,2,3.0
396,C_696789,3,0.0,4,3.0
397,C_694140,3,0.0,2,3.0
398,C_682452,3,0.0,2,3.0
399,C_680963,3,0.0,2,3.0
400,C_948282,4,4.0,2,3.0
401,C_677136,3,4.0,2,3.0
402,C_786631,3,0.0,2,3.0
403,C_943223,3,4.0,5,3.0
404,C_677070,5,0.0,2,3.0
405,C_681615,3,0.0,2,3.0
406,C_682256,3,0.0,2,3.0
407,C_1749955,3,0.0,2,4.0
408,C_1844106,3,4.0,2,3.0
409,C_696918,3,0.0,2,3.0
410,C_934520,2,0.0,2,3.0
411,C_948209,3,0.0,2,3.0
412,C_887148,3,0.0,4,3.0
413,C_1875498,2,4.0,4,3.0
414,C_819290,4,0.0,2,3.0
415,C_786471,2,4.0,2,3.0
416,C_2059295,3,4.0,2,3.0
417,C_749769,3,1.0,2,3.0
418,C_674938,3,0.0,2,3.0
419,C_735273,2,0.0,2,3.0
420,C_756654,3,4.0,2,4.0
421,C_696917,3,0.0,2,3.0
422,C_1886668,2,0.0,2,3.0
423,C_682431,3,0.0,2,3.0
424,C_735197,3,1.0,2,3.0
425,C_866769,3,0.0,2,3.0
426,C_682155,2,0.0,2,3.0
427,C_694143,3,0.0,4,3.0
428,C_682379,3,0.0,2,3.0
429,C_680716,3,0.0,2,3.0
430,C_677077,3,0.0,5,3.0
431,C_1806527,3,4.0,4,3.0
432,C_677076,3,0.0,2,3.0
433,C_948088,5,0.0,2,4.0
434,C_677130,3,0.0,2,3.0
435,C_1912519,3,4.0,2,3.0
436,C_808534,4,0.0,2,3.0
437,C_825822,5,0.0,4,3.0
438,C_682137,3,0.0,2,3.0
439,C_696682,3,0.0,2,3.0
440,C_682620,3,0.0,2,4.0
441,C_697166,2,0.0,2,3.0
442,C_682485,3,0.0,2,3.0
443,C_1159827,3,4.0,2,3.0
444,C_948389,3,4.0,4,3.0
445,C_735253,3,0.0,2,3.0
446,C_1410126,3,0.0,2,3.0
447,C_676642,3,4.0,4,4.0
448,C_696945,3,0.0,2,3.0
449,C_931256,2,0.0,2,4.0
450,C_808529,3,0.0,2,3.0
451,C_676953,3,0.0,2,3.0
452,C_697161,3,0.0,2,3.0
453,C_677042,3,0.0,2,3.0
454,C_697401,3,0.0,2,3.0
455,C_734011,3,4.0,2,3.0
456,C_682512,3,0.0,2,3.0
457,C_680881,3,2.0,2,3.0
458,C_837985,3,0.0,2,3.0
459,C_696626,3,0.0,2,3.0
460,C_784161,2,4.0,2,3.0
461,C_682610,2,0.0,2,4.0
462,C_734035,3,0.0,2,3.0
463,C_707022,3,0.0,4,3.0
464,C_1646044,3,0.0,2,3.0
465,C_845673,3,0.0,2,3.0
466,C_680770,3,0.0,2,4.0
467,C_735336,3,3.0,2,3.0
468,C_697006,2,0.0,4,3.0
469,C_696904,3,0.0,2,4.0
470,C_696884,3,0.0,2,3.0
471,C_1925897,3,2.0,2,3.0
472,C_681488,3,0.0,2,3.0
473,C_676695,3,0.0,2,3.0
474,C_697422,4,3.0,2,4.0
475,C_746985,3,0.0,2,3.0
476,C_682470,3,0.0,4,4.0
477,C_676885,3,0.0,2,4.0
478,C_837735,2,5.0,2,3.0
479,C_680986,3,0.0,2,3.0
480,C_1718815,3,4.0,2,3.0
481,C_676659,2,0.0,2,3.0
482,C_682754,3,0.0,2,3.0
483,C_696641,3,0.0,2,3.0
484,C_927963,2,0.0,2,3.0
485,C_696687,3,0.0,2,3.0
486,C_797321,3,0.0,4,0.0
487,C_780629,3,0.0,2,3.0
488,C_682618,3,0.0,2,3.0
489,C_697039,3,0.0,2,4.0
490,C_916833,4,0.0,4,3.0
491,C_948433,2,5.0,2,3.0
492,C_926175,2,0.0,2,3.0
493,C_1864068,2,4.0,2,3.0
494,C_677087,3,4.0,4,3.0
495,C_696901,3,0.0,2,3.0
496,C_1729417,5,0.0,2,3.0
497,C_905197,3,0.0,2,3.0
498,C_948109,5,3.0,2,3.0
499,C_680741,3,4.0,2,3.0
500,C_927959,4,0.0,2,3.0
501,C_682395,3,0.0,2,0.0
502,C_948241,2,0.0,2,3.0
503,C_823315,3,5.0,2,3.0
504,C_682190,3,0.0,2,3.0
505,C_677249,3,4.0,2,3.0
506,C_680754,3,0.0,2,3.0
507,C_776850,5,0.0,4,3.0
508,C_696897,2,0.0,2,3.0
509,C_682629,3,0.0,2,3.0
510,C_677118,2,0.0,2,3.0
511,C_697100,3,0.0,2,3.0
512,C_948118,2,0.0,2,3.0
513,C_697045,3,0.0,2,5.0
514,C_1527362,5,0.0,2,4.0
515,C_682345,2,0.0,2,3.0
516,C_696692,3,0.0,2,3.0
517,C_680730,3,0.0,4,3.0
518,C_1714443,2,2.0,4,3.0
519,C_694158,2,0.0,2,3.0
520,C_676686,3,0.0,4,3.0
521,C_1750791,5,0.0,4,3.0
522,C_947243,3,3.0,2,3.0
523,C_697778,3,0.0,2,3.0
524,C_696999,4,0.0,2,4.0
525,C_681669,3,0.0,2,3.0
526,C_681715,3,0.0,2,3.0
527,C_696827,3,0.0,2,3.0
528,C_682145,5,2.0,2,4.0
529,C_707089,3,0.0,2,3.0
530,C_932179,3,3.0,2,4.0
531,C_682415,3,0.0,2,3.0
532,C_735321,3,4.0,2,3.0
533,C_1795810,3,4.0,2,4.0
534,C_676646,3,4.0,2,3.0
535,C_681742,3,0.0,2,3.0
536,C_823308,3,3.0,2,3.0
537,C_697214,3,0.0,2,4.0
538,C_679148,2,0.0,4,3.0
539,C_697051,2,0.0,2,4.0
540,C_813434,3,0.0,2,3.0
541,C_682388,3,0.0,2,3.0
542,C_947266,2,0.0,2,4.0
543,C_697270,3,0.0,2,3.0
544,C_682338,3,0.0,4,3.0
545,C_1789696,3,0.0,2,3.0
546,C_697005,3,0.0,2,3.0
547,C_677097,3,0.0,2,3.0
548,C_696956,3,0.0,2,3.0
549,C_1738993,3,4.0,2,3.0
550,C_948116,5,5.0,2,3.0
551,C_707096,3,0.0,2,3.0
552,C_682696,3,0.0,2,3.0
553,C_1741561,2,0.0,2,3.0
554,C_747064,3,0.0,2,3.0
555,C_948083,2,2.0,2,3.0
556,C_681671,3,0.0,2,3.0
557,C_735317,3,0.0,2,3.0
558,C_682346,3,0.0,2,0.0
559,C_1741534,3,0.0,2,3.0
560,C_677110,3,0.0,2,3.0
561,C_682383,3,0.0,4,3.0
562,C_697011,3,0.0,2,4.0
563,C_680733,2,0.0,2,3.0
564,C_697184,3,0.0,4,3.0
565,C_1794464,3,3.0,2,4.0
566,C_682672,2,0.0,2,4.0
567,C_697108,3,0.0,4,3.0
568,C_735364,3,2.0,2,3.0
569,C_682597,3,0.0,2,3.0
570,C_682259,2,0.0,4,3.0
571,C_936977,5,0.0,4,3.0
572,C_1196947,3,0.0,2,3.0
573,C_735241,3,4.0,2,3.0
574,C_1844121,2,4.0,2,5.0
575,C_682742,3,0.0,2,3.0
576,C_682289,3,4.0,2,3.0
577,C_1647264,3,4.0,2,3.0
578,C_677014,3,3.0,4,4.0
579,C_845947,3,0.0,2,3.0
580,C_854868,3,0.0,2,4.0
581,C_936968,2,0.0,4,3.0
582,C_696938,3,0.0,5,3.0
583,C_680985,3,0.0,2,0.0
584,C_681076,3,0.0,2,3.0
585,C_682170,3,0.0,4,3.0
586,C_2297236,3,0.0,2,3.0
587,C_682184,3,0.0,2,3.0
588,C_917306,3,0.0,2,4.0
589,C_682387,3,0.0,2,3.0
590,C_879050,2,0.0,2,3.0
591,C_680710,3,0.0,4,3.0
592,C_909099,3,0.0,2,3.0
593,C_735066,3,0.0,4,3.0
594,C_682435,3,0.0,2,4.0
595,C_682330,2,0.0,2,3.0
596,C_862620,3,0.0,2,3.0
597,C_911159,3,0.0,2,3.0
598,C_696807,3,0.0,2,3.0
599,C_2221551,2,3.0,2,0.0
600,C_1779421,2,3.0,2,5.0
601,C_681432,3,0.0,4,3.0
602,C_1992940,2,2.0,2,3.0
603,C_697008,2,0.0,2,3.0
604,C_677045,3,0.0,2,3.0
605,C_674968,3,0.0,2,3.0
606,C_697301,3,4.0,2,3.0
607,C_1748240,2,4.0,2,3.0
608,C_680936,3,0.0,2,3.0
609,C_681006,2,0.0,4,3.0
610,C_682554,3,0.0,2,3.0
611,C_932180,3,0.0,2,3.0
612,C_696697,2,0.0,2,3.0
613,C_927967,2,0.0,2,3.0
614,C_680803,2,0.0,4,3.0
615,C_681460,3,3.0,2,4.0
616,C_682739,3,0.0,4,4.0
617,C_932181,3,1.0,4,4.0
618,C_676966,3,0.0,4,3.0
619,C_890259,3,0.0,2,3.0
620,C_735122,3,0.0,2,3.0
621,C_682320,2,0.0,2,3.0
622,C_798690,3,0.0,2,3.0
623,C_916838,3,0.0,2,3.0
624,C_737512,3,2.0,4,3.0
625,C_1776306,2,0.0,2,5.0
626,C_680886,3,0.0,2,3.0
627,C_680836,3,0.0,2,3.0
628,C_680774,3,0.0,4,3.0
629,C_680785,3,0.0,2,5.0
630,C_907940,4,0.0,2,5.0
631,C_697027,2,0.0,2,3.0
632,C_682356,3,3.0,2,3.0
633,C_697073,3,0.0,2,4.0
634,C_696991,3,0.0,4,4.0
635,C_948106,3,5.0,2,3.0
636,C_1410371,3,0.0,4,3.0
637,C_948264,5,3.0,2,3.0
638,C_697208,3,0.0,2,3.0
639,C_682269,3,0.0,2,3.0
640,C_927980,3,0.0,2,3.0
641,C_674914,3,0.0,4,3.0
642,C_854855,3,0.0,2,3.0
643,C_677038,3,0.0,2,3.0
644,C_909097,3,0.0,2,4.0
645,C_696655,3,0.0,4,3.0
646,C_697050,5,0.0,2,3.0
647,C_876708,3,0.0,2,3.0
648,C_682357,3,0.0,2,3.0
649,C_2229911,2,2.0,2,4.0
650,C_735049,3,0.0,2,5.0
651,C_931250,3,0.0,2,4.0
652,C_696993,2,0.0,5,3.0
653,C_1714447,3,4.0,2,3.0
654,C_676682,4,0.0,2,4.0
655,C_681355,3,2.0,2,3.0
656,C_905199,3,0.0,4,3.0
657,C_696889,3,0.0,2,3.0
658,C_697145,2,0.0,2,3.0
659,C_682665,2,0.0,2,4.0
660,C_680790,2,0.0,4,4.0
661,C_680820,2,3.0,4,0.0
662,C_1912003,5,4.0,2,4.0
663,C_813262,3,4.0,2,4.0
664,C_681758,5,0.0,2,3.0
665,C_696892,3,4.0,2,4.0
666,C_747056,3,4.0,2,3.0
667,C_936963,2,0.0,2,3.0
668,C_696882,3,5.0,2,4.0
669,C_682183,3,3.0,2,3.0
670,C_887103,3,0.0,4,3.0
671,C_682562,3,0.0,2,3.0
672,C_697179,3,0.0,2,3.0
673,C_680931,3,0.0,4,3.0
674,C_680805,3,0.0,2,4.0
675,C_676663,2,0.0,2,3.0
676,C_1903976,2,4.0,2,3.0
677,C_948079,2,0.0,2,3.0
678,C_682314,3,0.0,2,3.0
679,C_948267,5,3.0,2,3.0
680,C_707083,3,4.0,2,3.0
681,C_1756063,2,3.0,4,4.0
682,C_682772,5,0.0,4,4.0
683,C_735115,3,5.0,2,3.0
684,C_948430,3,0.0,2,3.0
685,C_680765,2,0.0,2,3.0
686,C_680753,3,0.0,2,3.0
687,C_680929,2,0.0,2,3.0
688,C_676950,3,0.0,2,3.0
689,C_1434593,2,4.0,2,3.0
690,C_948219,3,0.0,4,3.0
691,C_681745,5,0.0,2,3.0
692,C_696704,2,0.0,2,3.0
693,C_680884,2,4.0,2,3.0
694,C_677083,3,0.0,2,3.0
695,C_735378,3,0.0,2,4.0
696,C_2199450,2,1.0,2,0.0
697,C_697056,2,4.0,2,3.0
698,C_697395,3,0.0,2,3.0
699,C_707073,3,0.0,2,3.0
700,C_681362,2,0.0,2,3.0
701,C_681105,3,0.0,4,3.0
702,C_680927,3,0.0,2,3.0
703,C_1472684,5,4.0,2,4.0
704,C_936987,3,0.0,2,4.0
705,C_681299,3,0.0,4,3.0
706,C_735361,3,0.0,2,3.0
707,C_948268,5,1.0,2,3.0
708,C_696787,3,0.0,2,3.0
709,C_948038,3,0.0,2,3.0
710,C_697191,3,0.0,4,3.0
711,C_707067,3,5.0,2,3.0
712,C_2287003,3,3.0,2,4.0
713,C_697726,3,0.0,2,3.0
714,C_697048,3,4.0,2,3.0
715,C_682189,2,0.0,2,4.0
716,C_682129,3,0.0,4,3.0
717,C_676648,3,3.0,2,3.0
718,C_797853,2,2.0,2,3.0
719,C_817295,2,0.0,2,3.0
720,C_876705,3,0.0,2,3.0
721,C_681084,3,0.0,2,4.0
722,C_676900,3,0.0,4,3.0
723,C_947253,3,0.0,2,3.0
724,C_676687,3,0.0,2,4.0
725,C_696977,3,0.0,2,3.0
726,C_2287011,3,2.0,2,4.0
727,C_677043,3,0.0,2,3.0
728,C_682208,3,0.0,2,0.0
729,C_680714,3,0.0,2,3.0
730,C_756594,3,0.0,2,4.0
731,C_948432,2,0.0,2,3.0
732,C_1429234,3,0.0,2,3.0
733,C_676995,3,0.0,2,3.0
734,C_696721,3,0.0,2,3.0
735,C_682648,3,0.0,4,3.0
736,C_682813,2,0.0,2,3.0
737,C_677150,3,0.0,2,3.0
738,C_682353,4,0.0,2,3.0
739,C_879074,3,0.0,4,4.0
740,C_682671,3,0.0,2,4.0
741,C_682176,3,0.0,2,3.0
742,C_1552662,3,4.0,2,3.0
743,C_797938,3,0.0,2,4.0
744,C_697041,3,0.0,2,3.0
745,C_1824924,3,4.0,2,4.0
746,C_696923,2,0.0,2,3.0
747,C_674950,3,0.0,2,3.0
748,C_747696,3,0.0,2,3.0
749,C_680731,3,2.0,2,3.0
750,C_788547,3,4.0,2,4.0
751,C_854871,2,0.0,2,3.0
752,C_682749,3,0.0,2,3.0
753,C_881397,2,0.0,2,4.0
754,C_707363,3,0.0,4,4.0
755,C_694162,3,0.0,2,3.0
756,C_697098,4,0.0,2,3.0
757,C_682794,3,4.0,2,3.0
758,C_1794790,2,4.0,4,3.0
759,C_680992,2,3.0,4,4.0
760,C_735288,3,0.0,2,3.0
761,C_677099,3,0.0,2,3.0
762,C_1714448,2,1.0,4,4.0
763,C_682246,5,3.0,2,3.0
764,C_680817,3,4.0,2,4.0
765,C_1679989,3,0.0,2,3.0
766,C_680923,4,4.0,2,4.0
767,C_735283,3,4.0,4,3.0
768,C_735325,3,0.0,2,3.0
769,C_789833,3,0.0,4,3.0
770,C_735324,2,0.0,4,3.0
771,C_697684,3,4.0,2,4.0
772,C_2059297,2,4.0,2,4.0
773,C_1214863,2,0.0,2,3.0
774,C_947249,4,0.0,2,3.0
775,C_676685,3,0.0,2,3.0
776,C_735328,2,5.0,2,5.0
777,C_948296,4,3.0,5,3.0
778,C_934496,3,0.0,2,3.0
779,C_735033,3,4.0,2,5.0
780,C_674962,3,0.0,2,4.0
781,C_682450,3,0.0,2,3.0
782,C_859519,3,0.0,4,3.0
783,C_697479,3,0.0,5,4.0
784,C_707126,5,0.0,2,3.0
785,C_948393,3,0.0,2,3.0
786,C_682381,3,0.0,2,3.0
787,C_1469181,2,4.0,2,3.0
788,C_734054,3,0.0,2,3.0
789,C_677189,3,0.0,4,3.0
790,C_676907,3,1.0,2,3.0
791,C_682792,2,5.0,2,3.0
792,C_697064,3,0.0,2,3.0
793,C_681074,2,0.0,2,3.0
794,C_682595,2,0.0,2,3.0
795,C_680952,2,0.0,2,3.0
796,C_682476,3,0.0,2,3.0
797,C_1767521,3,3.0,2,4.0
798,C_682697,3,4.0,4,3.0
799,C_898359,2,0.0,2,3.0
800,C_682657,2,0.0,4,3.0
801,C_784069,3,4.0,2,3.0
802,C_696525,3,0.0,2,4.0
803,C_943247,2,0.0,4,3.0
804,C_682427,3,0.0,2,3.0
805,C_2266746,3,4.0,2,3.0
806,C_697213,3,3.0,2,3.0
807,C_1750851,3,2.0,2,3.0
808,C_890125,3,3.0,2,3.0
809,C_682327,3,0.0,2,4.0
810,C_681503,3,4.0,2,3.0
811,C_696606,4,0.0,2,3.0
812,C_735149,3,4.0,4,3.0
813,C_735362,3,0.0,2,4.0
814,C_799791,3,4.0,2,3.0
815,C_733993,2,0.0,2,3.0
816,C_2308104,3,0.0,2,4.0
817,C_2059290,3,3.0,2,0.0
818,C_681045,3,0.0,4,3.0
819,C_881314,3,0.0,2,3.0
820,C_696720,3,0.0,4,3.0
821,C_674959,3,4.0,2,3.0
822,C_735448,2,0.0,2,3.0
823,C_766203,3,0.0,4,3.0
824,C_682570,2,0.0,2,3.0
825,C_677000,5,0.0,2,4.0
826,C_674912,2,0.0,2,4.0
827,C_898298,3,0.0,2,3.0
828,C_1641662,3,1.0,2,3.0
829,C_1926745,3,0.0,2,3.0
830,C_677009,3,2.0,2,4.0
831,C_682228,3,4.0,4,3.0
832,C_898292,3,0.0,2,4.0
833,C_680869,3,0.0,2,3.0
834,C_881453,3,3.0,2,3.0
835,C_697036,3,0.0,2,3.0
836,C_681353,3,0.0,2,3.0
837,C_680757,3,0.0,2,3.0
838,C_735341,3,0.0,2,3.0
839,C_948488,2,0.0,2,4.0
840,C_682480,5,3.0,2,3.0
841,C_681345,3,0.0,2,3.0
842,C_707173,3,0.0,2,4.0
843,C_682401,3,0.0,2,3.0
844,C_1829948,2,4.0,2,3.0
845,C_682581,5,0.0,2,5.0
846,C_735335,3,0.0,2,3.0
847,C_948422,3,2.0,2,3.0
848,C_934534,2,0.0,2,3.0
849,C_1800063,3,4.0,2,3.0
850,C_735079,3,0.0,2,4.0
851,C_677164,4,0.0,2,3.0
852,C_697825,2,0.0,2,3.0
853,C_682440,3,4.0,4,3.0
854,C_697110,3,0.0,2,3.0
855,C_682224,3,4.0,2,4.0
856,C_681633,3,0.0,4,3.0
857,C_911162,2,0.0,2,3.0
858,C_676902,3,0.0,2,4.0
859,C_766037,3,2.0,2,4.0
860,C_680910,3,0.0,4,5.0
861,C_682153,3,0.0,2,3.0
862,C_682433,3,0.0,2,3.0
863,C_682439,3,0.0,2,3.0
864,C_681396,3,0.0,2,3.0
865,C_747718,2,0.0,2,3.0
866,C_777194,3,0.0,2,3.0
867,C_735300,3,0.0,2,3.0
868,C_948102,3,4.0,4,3.0
869,C_697106,3,0.0,2,3.0
870,C_696563,3,0.0,4,4.0
871,C_697267,3,0.0,2,3.0
872,C_735338,3,3.0,2,4.0
873,C_677102,3,0.0,4,3.0
874,C_682350,2,4.0,2,3.0
875,C_697120,4,0.0,2,3.0
876,C_1736850,3,4.0,2,4.0
877,C_2229902,2,1.0,2,4.0
878,C_682721,2,0.0,2,3.0
879,C_682463,3,3.0,4,4.0
880,C_682530,3,0.0,2,3.0
881,C_696711,3,5.0,2,3.0
882,C_682138,3,0.0,2,3.0
883,C_682588,3,0.0,2,3.0
884,C_696920,3,0.0,2,3.0
885,C_887101,3,3.0,5,3.0
886,C_681365,2,0.0,4,3.0
887,C_1527433,2,0.0,2,3.0
888,C_840087,3,0.0,2,3.0
889,C_800391,2,0.0,2,3.0
890,C_682336,2,0.0,2,4.0
891,C_676975,5,0.0,2,3.0
892,C_697094,3,0.0,2,3.0
893,C_682429,3,0.0,4,3.0
894,C_696989,3,0.0,2,4.0
895,C_948259,3,1.0,2,3.0
896,C_682602,3,0.0,2,3.0
897,C_707079,4,5.0,2,3.0
898,C_1687717,3,1.0,4,3.0
899,C_948140,3,4.0,2,3.0
900,C_682301,2,0.0,2,0.0
901,C_697112,3,0.0,2,3.0
902,C_1410156,3,3.0,2,4.0
903,C_943226,3,4.0,2,4.0
904,C_696732,2,0.0,4,3.0
905,C_948270,2,3.0,4,3.0
906,C_1749554,3,2.0,2,0.0
907,C_696695,3,1.0,2,3.0
908,C_943255,2,3.0,4,4.0
909,C_694144,3,0.0,2,3.0
910,C_948257,3,0.0,2,3.0
911,C_677004,3,0.0,2,3.0
912,C_948406,3,4.0,2,4.0
913,C_676934,2,0.0,4,3.0
914,C_875624,2,3.0,2,3.0
915,C_680821,3,3.0,2,4.0
916,C_696543,3,4.0,2,3.0
917,C_682373,3,0.0,2,3.0
918,C_677133,3,4.0,2,3.0
919,C_682324,3,0.0,2,4.0
920,C_1907842,3,4.0,2,0.0
921,C_859557,3,0.0,2,4.0
922,C_681081,2,0.0,2,3.0
923,C_676696,3,0.0,2,3.0
924,C_680819,3,5.0,2,3.0
925,C_682393,2,0.0,2,4.0
926,C_707358,2,0.0,4,3.0
927,C_769273,3,4.0,4,3.0
928,C_823300,3,3.0,4,3.0
929,C_813491,5,0.0,2,3.0
930,C_893822,3,0.0,2,3.0
931,C_682486,3,4.0,4,3.0
932,C_682479,2,0.0,4,3.0
933,C_909094,3,0.0,2,3.0
934,C_883372,2,4.0,2,3.0
935,C_681031,3,5.0,2,3.0
936,C_697144,2,5.0,2,3.0
937,C_696832,2,4.0,2,3.0
938,C_735129,2,0.0,2,3.0
939,C_854832,3,4.0,2,3.0
940,C_697677,3,0.0,2,4.0
941,C_1410117,2,0.0,2,3.0
942,C_696769,3,0.0,2,4.0
943,C_696753,2,0.0,2,3.0
944,C_674937,2,0.0,5,3.0
945,C_681638,2,0.0,4,4.0
946,C_697031,2,4.0,4,4.0
947,C_948395,4,0.0,2,3.0
948,C_677089,3,0.0,2,3.0
949,C_681448,4,0.0,2,3.0
950,C_788565,2,0.0,2,3.0
951,C_677018,3,0.0,2,4.0
952,C_837980,4,0.0,4,3.0
953,C_696709,3,3.0,2,3.0
954,C_680926,3,0.0,2,4.0
955,C_735373,4,0.0,2,0.0
956,C_707135,3,5.0,2,3.0
957,C_854854,3,4.0,2,3.0
958,C_735419,3,0.0,2,3.0
959,C_1795882,3,0.0,2,3.0
960,C_681083,3,0.0,4,4.0
961,C_747047,3,4.0,2,3.0
962,C_947147,3,1.0,2,5.0
963,C_948128,2,4.0,2,3.0
964,C_947255,2,0.0,2,0.0
965,C_1449038,3,0.0,2,4.0
966,C_680845,3,0.0,2,4.0
967,C_682131,3,0.0,2,3.0
968,C_1771179,2,3.0,2,3.0
969,C_677030,3,0.0,2,3.0
970,C_749756,3,0.0,2,3.0
971,C_758898,3,4.0,2,3.0
972,C_696673,3,0.0,4,3.0
973,C_2095102,3,2.0,2,3.0
974,C_680747,3,1.0,2,3.0
975,C_697070,3,0.0,4,3.0
976,C_681373,3,0.0,2,3.0
977,C_881436,3,4.0,2,3.0
978,C_1997524,3,3.0,2,4.0
979,C_682457,3,4.0,2,3.0
980,C_681684,3,0.0,4,4.0
981,C_947167,3,4.0,2,3.0
982,C_735085,3,0.0,2,3.0
983,C_2256608,2,3.0,2,4.0
984,C_934522,3,0.0,4,3.0
985,C_784387,3,0.0,2,3.0
986,C_677023,3,0.0,2,3.0
987,C_680903,3,0.0,4,4.0
988,C_697543,3,0.0,2,3.0
989,C_707051,3,0.0,2,3.0
990,C_696581,3,4.0,2,3.0
991,C_682567,4,0.0,2,3.0
992,C_697067,3,0.0,4,3.0
993,C_911168,3,0.0,2,3.0
994,C_2189666,2,3.0,2,3.0
995,C_1352884,3,0.0,2,3.0
996,C_696905,3,0.0,2,3.0
997,C_854870,2,0.0,2,3.0
998,C_707054,3,4.0,2,3.0
999,C_681619,3,0.0,2,4.0
